{"topic": ["面", "象徴", "方法", "好き", "今", "アイドル"], "possesion": {"1": 0.4252269894961719, "0": 0.5747730105038281}, "active_rate": 0.6362827131920952, "score": [1.0, 0.7006484836888889, 0.7416480226348949, 0.583846518393057, 0.0, 0.9907629673144789, 0.9390692323852701, 0.19456221912206623, 0.805536509458646, 0.9426997280400944]}